{"a.wav": [0.105974, 0.142507, 0.034921, 0.022968, 0.021581, 0.118378, 0.035334, 0.128547, 0.205138, 0.097071, 0.032336, 0.003941, 0.008786, 0.002144, 0.004354, 0.003395, 0.003704, 0.002378, 0.000691, 0.000937, 0.000622, 0.00031, 0.001866, 0.000989, 0.002923, 0.001225, 0.001661, 0.001177, 0.00324, 0.002001, 0.001194, 0.00117, 0.000972, 0.000916, 0.000474, 4.5e-05, 3.4e-05, 0.00014, 0.000313, 0.000743, 0.000608, 0.000444, 0.000346, 0.000117, 0.000128, 4.1e-05, 0.000259, 0.000113, 5.1e-05, 8.9e-05, 3.7e-05, 1.8e-05, 2.6e-05, 2.5e-05, 1.6e-05, 4.7e-05, 3.7e-05, 1.8e-05, 1.5e-05, 3.4e-05, 2.4e-05, 1.7e-05, 2.1e-05, 3e-06, 1.4e-05, 6e-06, 1e-06, 1e-05, 4e-06, 7e-06, 1.3e-05, 9e-06, 5e-06, 2e-06, 8e-06, 4e-06, 2e-06, 2e-06, 3e-06, 5e-06, 4e-06, 1e-06, 1e-06, 4e-06, 2e-06, 1e-06, 1e-06, 3e-06, 2e-06, 2e-06, 2e-06, 3e-06, 3e-06, 2e-06, 3e-06, 1.7e-05, 2e-06, 3e-06, 1e-06, 4e-06, 1e-06, 2e-06, 1e-06, 3e-06, 4e-06, 4e-06, 3e-06, 0.0, 2e-06, 2e-06, 1e-06, 1e-06, 4e-06, 4e-06, 2e-06, 1e-06, 1e-06, 2e-06, 1e-06, 1e-06, 1.6e-05, 2e-06, 4e-06, 2e-06, 1e-06, 4e-06, 3e-06, 2e-06, 1e-06, 1e-06, 1e-06, 3e-06, 1e-06, 0.0, 5e-06, 1e-06, 1e-06, 2e-06, 1e-06, 4e-06, 3e-06, 3e-06, 1e-06, 3e-06, 2e-06, 1.5e-05, 1e-06, 3e-06, 0.0, 3e-06, 2e-06, 3e-06, 3e-06, 2e-06, 2e-06, 2e-06, 3e-06, 1e-06, 4e-06, 1e-06, 2e-06, 3e-06, 1e-06, 1e-06, 1e-06, 1e-06, 1e-06, 3e-06, 2e-06, 3e-06, 1.1e-05, 2e-06, 2e-06, 1e-06, 7e-06, 4e-06, 3e-06, 3e-06, 2e-06, 3e-06, 1e-06, 2e-06], "ae.wav": [0.070811, 0.117798, 0.076633, 0.071519, 0.262894, 0.138074, 0.057602, 0.020288, 0.015238, 0.011671, 0.020244, 0.009901, 0.003424, 0.008204, 0.012848, 0.016311, 0.011477, 0.006007, 0.004853, 0.004921, 0.009997, 0.005513, 0.006617, 0.001486, 0.004883, 0.005743, 0.003783, 0.004128, 0.004603, 0.002386, 0.000945, 0.000762, 0.000161, 9.8e-05, 0.000334, 0.000181, 0.000274, 7.6e-05, 5.7e-05, 6e-05, 9.8e-05, 0.000256, 0.000565, 0.001815, 0.001187, 0.000769, 0.00026, 0.000192, 3.1e-05, 0.000198, 5.3e-05, 0.000163, 9e-05, 5.4e-05, 0.000131, 0.000245, 0.000418, 2.6e-05, 4.8e-05, 2.4e-05, 0.000101, 1.5e-05, 5.6e-05, 2.9e-05, 6e-06, 4e-05, 4.8e-05, 1.7e-05, 2e-06, 8e-06, 5e-06, 3e-06, 2e-06, 1e-06, 1e-06, 3e-06, 1e-06, 2e-06, 3e-06, 1e-06, 3e-06, 4e-06, 1e-06, 2e-06, 2e-06, 1e-06, 1e-06, 3e-06, 3e-06, 2e-06, 2e-06, 2e-06, 1e-06, 3e-06, 1e-06, 2e-06, 2e-06, 3e-06, 3e-06, 5e-06, 3e-06, 8e-06, 1.1e-05, 2e-06, 4e-06, 4e-06, 3e-06, 4e-06, 4e-06, 4e-06, 1e-06, 3e-06, 2e-06, 2e-06, 1e-06, 0.0, 3e-06, 3e-06, 1e-06, 4e-06, 0.0, 2e-06, 3e-06, 2e-06, 2e-06, 3e-06, 2e-06, 3e-06, 2e-06, 1e-06, 1e-06, 1e-06, 1e-06, 4e-06, 6e-06, 3e-06, 1.2e-05, 9e-06, 3e-06, 1e-06, 5e-06, 1e-06, 1e-06, 1e-06, 3e-06, 3e-06, 0.0, 3e-06, 1e-06, 1e-06, 1e-06, 1e-06, 3e-06, 2e-06, 1e-06, 1e-06, 4e-06, 3e-06, 0.0, 3e-06, 1e-06, 3e-06, 1e-06, 3e-06, 2e-06, 2e-06, 3e-06, 1e-06, 3e-06, 4e-06, 1e-06], "e.wav": [0.180759, 0.250305, 0.097081, 0.157305, 0.026958, 0.040756, 0.005898, 0.012534, 0.004203, 0.005009, 0.001393, 0.009255, 0.002718, 0.002224, 0.004405, 0.008493, 0.009836, 0.026185, 0.030674, 0.012511, 0.004095, 0.004855, 0.002483, 0.013029, 0.018307, 0.002092, 0.011003, 0.005066, 0.004508, 0.003044, 0.003432, 0.002582, 0.004008, 0.001878, 0.002358, 0.001189, 0.000697, 0.000473, 0.002431, 0.0014, 0.00062, 0.000195, 0.00037, 0.00017, 0.000316, 0.001433, 0.00172, 0.002858, 0.003719, 0.001395, 0.000487, 0.000379, 0.000219, 0.000393, 6.4e-05, 0.000286, 0.000334, 0.000884, 0.000774, 0.000635, 0.001602, 0.001184, 0.000306, 0.000187, 5.1e-05, 0.000478, 0.000452, 0.000249, 0.000237, 8e-05, 6e-06, 3.3e-05, 1e-05, 3e-05, 9e-06, 1.1e-05, 2e-06, 7e-06, 2e-06, 2e-06, 2e-06, 2e-06, 5e-06, 2e-06, 8e-06, 1.6e-05, 1.1e-05, 3e-06, 3e-06, 3e-06, 3e-06, 1e-06, 3e-06, 2e-06, 4e-06, 5e-06, 2e-06, 3e-06, 2e-06, 3e-06, 2e-06, 2e-06, 3e-06, 5e-06, 3e-06, 4e-06, 4e-06, 2e-06, 2e-06, 4e-06, 3e-06, 4e-06, 4e-06, 4e-06, 1.1e-05, 4e-06, 1e-05, 2e-06, 1e-06, 4e-06, 2e-06, 6e-06, 4e-06, 1e-06, 5e-06, 1e-06, 2e-06, 1e-06, 3e-06, 3e-06, 3e-06, 4e-06, 3e-06, 1e-06, 4e-06, 2e-06, 2e-06, 4e-06, 0.0, 5e-06, 2e-06, 7e-06, 5e-06, 8e-06, 4e-06, 9e-06, 5e-06, 3e-06, 2e-06, 1e-06, 1e-06, 3e-06, 4e-06, 4e-06, 1e-06, 3e-06, 1e-06, 2e-06, 4e-06, 4e-06, 3e-06, 1e-06, 3e-06, 3e-06, 5e-06, 5e-06, 2e-06, 4e-06, 3e-06, 4e-06, 1.3e-05, 1.3e-05, 2e-06, 4e-06, 4e-06, 2e-06, 2e-06, 1e-06, 1e-06, 1e-06, 3e-06, 5e-06, 4e-06, 1e-06, 2e-06], "ee.wav": [0.490049, 0.167181, 0.194958, 0.014482, 0.023495, 0.016823, 0.007396, 0.006876, 0.004473, 0.010399, 0.002179, 0.002477, 0.00344, 0.001472, 0.000238, 0.001104, 0.000988, 0.001184, 0.000815, 0.005055, 0.002584, 0.001, 0.00146, 0.000484, 0.003772, 0.007357, 0.001793, 0.00145, 0.000595, 0.000161, 0.001884, 0.000962, 0.000432, 0.000405, 0.000624, 0.000335, 0.000569, 0.000299, 0.000524, 0.000284, 0.001289, 0.001097, 0.000514, 0.001023, 0.000774, 0.000468, 0.000678, 0.001234, 0.000968, 0.000278, 0.000241, 0.000397, 0.000497, 0.000309, 0.000185, 0.000562, 0.000539, 0.000413, 0.000563, 0.000157, 0.000484, 0.000636, 0.000244, 2.8e-05, 3.9e-05, 6.5e-05, 7.8e-05, 6.2e-05, 6.1e-05, 4.3e-05, 7.7e-05, 4.7e-05, 5.2e-05, 6.1e-05, 4.9e-05, 4.5e-05, 3.4e-05, 3.6e-05, 4.6e-05, 5.2e-05, 3.1e-05, 6.7e-05, 6.5e-05, 5.3e-05, 7.8e-05, 4.7e-05, 6.1e-05, 1.2e-05, 5.5e-05, 4.5e-05, 3.5e-05, 4.4e-05, 4.3e-05, 5.7e-05, 3.8e-05, 4.4e-05, 4.5e-05, 3.6e-05, 3.3e-05, 5.3e-05, 3.5e-05, 7.9e-05, 3.9e-05, 3.6e-05, 6.7e-05, 4.7e-05, 5.2e-05, 2.8e-05, 3.7e-05, 3.9e-05, 2.6e-05, 2e-05, 3.1e-05, 2.8e-05, 3.4e-05, 2.6e-05, 6e-05, 4.1e-05, 0.000116, 1.9e-05, 3.2e-05, 0.000109, 5e-05, 3.8e-05, 3.4e-05, 5.1e-05, 3.7e-05, 3.9e-05, 2.6e-05, 1.4e-05, 2e-05, 5.1e-05, 4.5e-05, 3.6e-05, 3.1e-05, 1.9e-05, 2.9e-05, 4.7e-05, 8.1e-05, 2.4e-05, 2.5e-05, 1.9e-05, 4.2e-05, 4e-05, 3.8e-05, 4.4e-05, 2.6e-05, 4.6e-05, 3.6e-05, 2.9e-05, 4.3e-05, 3.1e-05, 4.8e-05, 2.3e-05, 3.1e-05, 7.6e-05, 3.3e-05, 3.2e-05, 2.3e-05, 2.6e-05, 4.2e-05, 4.5e-05, 2.9e-05, 2.8e-05, 4e-05], "i.wav": [0.16269, 0.642955, 0.059707, 0.029095, 0.007286, 0.010236, 0.001623, 0.000756, 0.001343, 0.000377, 0.000274, 0.000624, 0.001043, 0.000317, 0.000495, 0.001153, 0.001579, 0.005252, 0.003881, 0.001442, 0.000656, 0.000234, 0.000374, 0.00044, 0.000621, 0.005152, 0.002414, 0.003272, 0.003376, 0.002097, 0.003725, 0.001456, 0.00054, 0.001794, 0.002184, 0.000638, 0.002111, 0.000871, 0.001603, 0.001156, 0.001743, 0.000221, 0.00144, 0.003026, 0.003662, 0.00239, 0.002092, 0.000817, 0.00047, 0.001333, 0.000317, 0.001061, 0.000803, 0.002787, 0.00279, 0.002042, 0.000533, 0.000401, 0.00016, 0.00018, 0.00113, 0.00112, 0.000951, 0.000112, 5.8e-05, 0.000186, 0.000152, 0.000341, 1.8e-05, 7.6e-05, 9.4e-05, 7.4e-05, 5.5e-05, 1.4e-05, 1.7e-05, 5e-06, 1.1e-05, 4e-06, 4e-06, 1.5e-05, 5e-06, 3e-06, 4e-06, 0.0, 5e-06, 2e-06, 7e-06, 2.1e-05, 2e-06, 1e-06, 7e-06, 3e-06, 9e-06, 3e-06, 4e-06, 1e-05, 6e-06, 3e-06, 3e-06, 1e-06, 4e-06, 3e-06, 6e-06, 1.7e-05, 1e-06, 4e-06, 6e-06, 2e-06, 4e-06, 2e-06, 6e-06, 9e-06, 3e-06, 3e-06, 3e-06, 3e-06, 2e-06, 6e-06, 4e-06, 7e-06, 3e-06, 1e-06, 3e-06, 4e-06, 3e-06, 2e-06, 1e-06, 4e-06, 5e-06, 3e-06, 5e-06, 5e-06, 9e-06, 3e-06, 8e-06, 2e-06, 8e-06, 8e-06, 1e-06, 3e-06, 3e-06, 3e-06, 5e-06, 9e-06, 3e-06, 5e-06, 1e-06, 5e-06, 9e-06, 3e-06, 4e-06, 1.4e-05, 6e-06, 1e-06, 7e-06, 2e-06, 4e-06, 1e-06, 4e-06, 1e-05, 7e-06, 3e-06, 5e-06, 1e-06, 5e-06, 4e-06, 2e-06, 3e-06, 7e-06, 3e-06, 4e-06, 2e-06, 6e-06, 2e-06, 3e-06, 8e-06, 3e-06, 6e-06, 4e-06, 0.0],